{"abbr":"RI","seats":2,"ideal":548689.5,"h":64,"w":43,"rle":[0,17,1,4,0,35,1,8,0,32,1,11,0,29,1,14,0,26,1,18,0,22,1,21,0,21,1,22,0,21,1,25,0,18,1,25,0,18,1,26,0,17,1,26,0,18,1,25,0,18,1,25,0,18,1,25,0,19,1,25,0,18,1,16,2,1,1,2,2,1,1,7,0,16,1,1,2,12,1,1,2,16,0,13,2,31,0,13,2,31,0,12,2,25,0,1,2,5,0,12,2,36,0,8,2,24,0,2,2,4,0,1,2,4,0,8,2,23,0,2,2,4,0,1,2,6,0,7,2,23,0,1,2,1,0,1,2,10,0,7,2,22,0,1,2,2,0,2,2,9,0,8,2,22,0,2,2,2,0,1,2,9,0,7,2,22,0,3,2,5,0,1,2,5,0,7,2,21,0,2,2,14,0,7,2,20,0,4,2,12,0,7,2,21,0,1,2,1,0,2,2,11,0,7,2,20,0,1,2,3,0,2,2,11,0,6,2,21,0,1,2,15,0,7,2,30,0,1,2,5,0,7,2,35,0,8,2,30,0,1,2,3,0,10,2,27,0,1,2,1,0,1,2,2,0,11,2,27,0,16,2,26,0,17,2,22,0,22,2,19,0,4,2,1,0,19,2,19,0,7,2,1,0,16,2,19,0,24,2,19,0,24,2,19,0,24,2,18,0,25,2,15,0,1,2,3,0,23,2,14,0,3,2,1,0,25,2,13,0,1,2,1,0,2,2,1,0,25,2,10,0,1,2,2,0,31,2,9,0,34,2,8,0,35,2,6,0,2,2,1,0,34,2,3,0,38,2,3,0,2,2,1,0,1,2,1,0,35,2,1,0,17,2,1,0,25,2,1,0,45,2,1,0,13,2,1,0,41,2,2,0,41,2,2,0,40,2,4,0,40,2,4,0,39,2,2,0,83,2,1,0,19],"districts":[{"d":1,"pop":548690,"dev":0.0000911262198383603,"irregular":false},{"d":2,"pop":548689,"dev":-0.0000911262198383603,"irregular":true}]}