{"abbr":"NH","seats":2,"ideal":688764.5,"h":190,"w":97,"rle":[0,31,1,1,0,96,1,2,0,95,1,2,0,86,1,2,0,7,1,2,0,85,1,4,0,6,1,2,0,84,1,14,0,83,1,14,0,82,1,15,0,81,1,17,0,79,1,18,0,81,1,16,0,80,1,18,0,79,1,18,0,79,1,18,0,79,1,19,0,78,1,19,0,79,1,19,0,77,1,20,0,77,1,20,0,76,1,22,0,74,1,23,0,75,1,22,0,74,1,23,0,75,1,23,0,74,1,23,0,73,1,24,0,72,1,26,0,72,1,25,0,73,1,25,0,72,1,25,0,72,1,25,0,73,1,24,0,73,1,25,0,72,1,25,0,72,1,25,0,71,1,27,0,71,1,26,0,70,1,27,0,70,1,28,0,69,1,28,0,70,1,27,0,68,1,30,0,67,1,30,0,66,1,31,0,66,1,31,0,67,1,31,0,67,1,30,0,68,1,30,0,68,1,29,0,68,1,29,0,69,1,28,0,70,1,28,0,69,1,28,0,69,1,28,0,70,1,28,0,67,1,1,0,1,1,28,0,68,1,29,0,69,1,29,0,67,1,30,0,68,1,29,0,67,1,31,0,65,1,32,0,65,1,32,0,64,1,34,0,63,1,34,0,63,1,34,0,62,1,35,0,61,1,37,0,58,1,39,0,57,1,41,0,56,1,41,0,55,1,42,0,56,1,42,0,54,1,43,0,50,1,47,0,48,1,49,0,47,1,50,0,45,1,53,0,44,1,54,0,43,1,54,0,42,1,55,0,42,1,55,0,42,1,56,0,42,1,55,0,42,1,55,0,42,1,56,0,42,1,55,0,42,1,55,0,43,1,54,0,43,1,54,0,44,1,54,0,42,1,55,0,42,1,55,0,43,1,55,0,42,1,55,0,42,1,55,0,42,1,55,0,42,1,56,0,40,1,57,0,40,1,58,0,39,1,58,0,39,1,58,0,39,1,58,0,39,1,59,0,38,1,59,0,38,1,60,0,37,1,60,0,36,1,61,0,36,1,61,0,36,1,62,0,34,1,63,0,35,1,63,0,34,1,63,0,34,1,63,0,34,1,64,0,33,1,65,0,32,1,65,0,31,1,66,0,31,1,67,0,29,1,68,0,28,1,68,0,29,1,69,0,27,1,70,0,27,1,70,0,28,1,69,0,28,1,69,0,28,1,69,0,27,1,71,0,26,1,71,0,27,1,73,0,23,1,75,0,22,1,75,0,21,1,78,0,19,1,80,0,17,1,82,0,15,1,83,0,14,1,83,0,15,1,82,0,15,1,82,0,15,1,82,0,15,1,82,0,15,1,82,0,15,1,83,0,15,1,85,0,12,1,89,0,8,1,89,0,8,1,89,0,9,1,88,0,9,1,87,0,2,1,1,0,7,1,87,0,5,1,2,0,3,1,87,0,11,1,86,0,1,1,1,0,3,1,1,0,5,1,86,0,10,1,86,0,10,1,85,2,1,1,1,0,11,2,1,1,22,2,1,1,26,2,1,1,33,2,1,1,1,0,1,1,1,0,9,2,86,0,11,2,86,0,11,2,86,0,11,2,86,0,11,2,79,0,4,2,1,0,13,2,79,0,19,2,76,0,22,2,74,0,23,2,73,0,24,2,73,0,24,2,73,0,24,2,69,0,28,2,68,0,29,2,67,0,30,2,68,0,30,2,67,0,30,2,67,0,29,2,66,0,1,2,1,0,29,2,65,0,30,2,66,0,32,2,65,0,32,2,64,0,33,2,61,0,36,2,57,0,39,2,54,0,43,2,49,0,48,2,44,0,54,2,38,0,59,2,34,0,64,2,29,0,69,2,21,0,2,2,1,0,74,2,18,0,79,2,1,0,1,2,10,0,88,2,4,0,83],"districts":[{"d":1,"pop":688765,"dev":0.00007259375301717786,"irregular":true},{"d":2,"pop":688764,"dev":-0.00007259375301717786,"irregular":true}]}